Date;MSFT
10/23/1992;5.54
10/26/1992;5.62
10/27/1992;5.5
10/28/1992;5.53
10/29/1992;5.62
10/30/1992;5.55
11/2/1992;5.6
11/3/1992;5.52
11/4/1992;5.53
11/5/1992;5.74
11/6/1992;5.8
11/9/1992;5.74
11/10/1992;5.8
11/11/1992;5.86
11/12/1992;5.84
11/13/1992;5.83
11/16/1992;5.8
11/17/1992;5.62
11/18/1992;5.75
11/19/1992;5.87
11/20/1992;5.94
11/23/1992;5.53
11/24/1992;5.72
11/25/1992;5.7
11/26/1992;5.7
11/27/1992;5.73
11/30/1992;5.82
12/1/1992;5.82
12/2/1992;5.67
12/3/1992;5.73
12/4/1992;5.73
12/7/1992;5.84
12/8/1992;5.78
12/9/1992;5.75
12/10/1992;5.56
12/11/1992;5.4
12/14/1992;5.45
12/15/1992;5.4
12/16/1992;5.44
12/17/1992;5.62
12/18/1992;5.62
12/21/1992;5.66
12/22/1992;5.48
12/23/1992;5.45
12/24/1992;5.45
12/25/1992;5.45
12/28/1992;5.47
12/29/1992;5.41
12/30/1992;5.37
12/31/1992;5.34
1/1/1993;5.34
1/4/1993;5.32
1/5/1993;5.41
1/6/1993;5.56
1/7/1993;5.45
1/8/1993;5.45
1/11/1993;5.57
1/12/1993;5.61
1/13/1993;5.7
1/14/1993;5.7
1/15/1993;5.61
1/18/1993;5.58
1/19/1993;5.52
1/20/1993;5.52
1/21/1993;5.59
1/22/1993;5.59
1/25/1993;5.53
1/26/1993;5.5
1/27/1993;5.39
1/28/1993;5.44
1/29/1993;5.41
2/1/1993;5.47
2/2/1993;5.56
2/3/1993;5.52
2/4/1993;5.31
2/5/1993;5.56
2/8/1993;5.36
2/9/1993;5.24
2/10/1993;5.34
2/11/1993;5.33
2/12/1993;5.23
2/15/1993;5.23
2/16/1993;5.01
2/17/1993;5.02
2/18/1993;5.1
2/19/1993;4.98
2/22/1993;4.8
2/23/1993;4.97
2/24/1993;5.24
2/25/1993;5.27
2/26/1993;5.21
3/1/1993;5.09
3/2/1993;5.29
3/3/1993;5.3
3/4/1993;5.23
3/5/1993;5.17
3/8/1993;5.23
3/9/1993;5.27
3/10/1993;5.31
3/11/1993;5.41
3/12/1993;5.56
3/15/1993;5.48
3/16/1993;5.48
3/17/1993;5.34
3/18/1993;5.33
3/19/1993;5.27
3/22/1993;5.21
3/23/1993;5.2
3/24/1993;5.39
3/25/1993;5.46
3/26/1993;5.41
3/29/1993;5.44
3/30/1993;5.69
3/31/1993;5.78
4/1/1993;5.81
4/2/1993;5.61
4/5/1993;5.72
4/6/1993;5.61
4/7/1993;5.64
4/8/1993;5.56
4/9/1993;5.56
4/12/1993;5.63
4/13/1993;5.55
4/14/1993;5.56
4/15/1993;5.45
4/16/1993;5.44
4/19/1993;5.44
4/20/1993;5.42
4/21/1993;5.3
4/22/1993;5.2
4/23/1993;5.09
4/26/1993;5.02
4/27/1993;5.16
4/28/1993;5.37
4/29/1993;5.34
4/30/1993;5.34
5/3/1993;5.38
5/4/1993;5.5
5/5/1993;5.58
5/6/1993;5.45
5/7/1993;5.44
5/10/1993;5.57
5/11/1993;5.48
5/12/1993;5.39
5/13/1993;5.36
5/14/1993;5.34
5/17/1993;5.41
5/18/1993;5.53
5/19/1993;5.78
5/20/1993;5.88
5/21/1993;5.78
5/24/1993;5.76
5/25/1993;5.7
5/26/1993;5.95
5/27/1993;5.88
5/28/1993;5.79
5/31/1993;5.79
6/1/1993;6.02
6/2/1993;5.98
6/3/1993;5.91
6/4/1993;5.87
6/7/1993;5.83
6/8/1993;5.77
6/9/1993;5.69
6/10/1993;5.7
6/11/1993;5.59
6/14/1993;5.77
6/15/1993;5.78
6/16/1993;5.7
6/17/1993;5.68
6/18/1993;5.47
6/21/1993;5.54
6/22/1993;5.5
6/23/1993;5.54
6/24/1993;5.53
6/25/1993;5.53
6/28/1993;5.64
6/29/1993;5.56
6/30/1993;5.5
7/1/1993;5.45
7/2/1993;5.45
7/5/1993;5.45
7/6/1993;5.37
7/7/1993;5.21
7/8/1993;5.3
7/9/1993;5.29
7/12/1993;5.23
7/13/1993;5.17
7/14/1993;5.27
7/15/1993;5.22
7/16/1993;5.07
7/19/1993;4.92
7/20/1993;5.03
7/21/1993;4.94
7/22/1993;4.85
7/23/1993;4.85
7/26/1993;4.89
7/27/1993;4.72
7/28/1993;4.89
7/29/1993;4.94
7/30/1993;4.62
8/2/1993;4.55
8/3/1993;4.56
8/4/1993;4.56
8/5/1993;4.67
8/6/1993;4.58
8/9/1993;4.56
8/10/1993;4.44
8/11/1993;4.52
8/12/1993;4.62
8/13/1993;4.7
8/16/1993;4.86
8/17/1993;4.83
8/18/1993;4.83
8/19/1993;4.64
8/20/1993;4.77
8/23/1993;4.81
8/24/1993;4.74
8/25/1993;4.64
8/26/1993;4.51
8/27/1993;4.49
8/30/1993;4.54
8/31/1993;4.7
9/1/1993;4.8
9/2/1993;4.79
9/3/1993;4.73
9/6/1993;4.73
9/7/1993;4.67
9/8/1993;4.66
9/9/1993;4.77
9/10/1993;4.87
9/13/1993;4.77
9/14/1993;4.7
9/15/1993;4.78
9/16/1993;4.75
9/17/1993;4.75
9/20/1993;4.73
9/21/1993;4.75
9/22/1993;4.83
9/23/1993;4.92
9/24/1993;5
9/27/1993;5.14
9/28/1993;5.25
9/29/1993;5.19
9/30/1993;5.16
10/1/1993;5.12
10/4/1993;5.16
10/5/1993;5.2
10/6/1993;5.3
10/7/1993;5.26
10/8/1993;5.28
10/11/1993;5.25
10/12/1993;5.27
10/13/1993;5.2
10/14/1993;5.13
10/15/1993;5.05
10/18/1993;5.19
10/19/1993;5.02
10/20/1993;5.06
10/21/1993;4.97
10/22/1993;5.02
10/25/1993;5.03
10/26/1993;4.97
10/27/1993;4.99
10/28/1993;4.94
10/29/1993;5.01
11/1/1993;5.05
11/2/1993;5.02
11/3/1993;4.91
11/4/1993;4.78
11/5/1993;4.92
11/8/1993;4.91
11/9/1993;4.89
11/10/1993;5.09
11/11/1993;5.1
11/12/1993;5.12
11/15/1993;5.03
11/16/1993;5.14
11/17/1993;5.05
11/18/1993;5.02
11/19/1993;5.01
11/22/1993;4.81
11/23/1993;4.84
11/24/1993;4.92
11/25/1993;4.92
11/26/1993;4.94
11/29/1993;4.97
11/30/1993;5
12/1/1993;5.09
12/2/1993;5.18
12/3/1993;5.36
12/6/1993;5.3
12/7/1993;5.34
12/8/1993;5.22
12/9/1993;5.07
12/10/1993;5.12
12/13/1993;5.09
12/14/1993;5
12/15/1993;4.98
12/16/1993;5
12/17/1993;5.03
12/20/1993;5.12
12/21/1993;5.16
12/22/1993;5.07
12/23/1993;5.05
12/24/1993;5.05
12/27/1993;5.03
12/28/1993;5.17
12/29/1993;5.09
12/30/1993;5.08
12/31/1993;5.04
1/3/1994;5.01
1/4/1994;5.03
1/5/1994;5.14
1/6/1994;5.29
1/7/1994;5.33
1/10/1994;5.36
1/11/1994;5.33
1/12/1994;5.34
1/13/1994;5.34
1/14/1994;5.35
1/17/1994;5.3
1/18/1994;5.29
1/19/1994;5.2
1/20/1994;5.39
1/21/1994;5.39
1/24/1994;5.33
1/25/1994;5.32
1/26/1994;5.27
1/27/1994;5.27
1/28/1994;5.3
1/31/1994;5.32
2/1/1994;5.32
2/2/1994;5.25
2/3/1994;5.28
2/4/1994;5.08
2/7/1994;5.05
2/8/1994;4.92
2/9/1994;4.98
2/10/1994;4.96
2/11/1994;4.92
2/14/1994;4.95
2/15/1994;4.98
2/16/1994;4.92
2/17/1994;4.91
2/18/1994;5
2/21/1994;5
2/22/1994;4.97
2/23/1994;5.06
2/24/1994;4.99
2/25/1994;5.06
2/28/1994;5.16
3/1/1994;5.2
3/2/1994;5.17
3/3/1994;5.06
3/4/1994;5.06
3/7/1994;5.08
3/8/1994;5.06
3/9/1994;5.05
3/10/1994;5.05
3/11/1994;5.11
3/14/1994;5.24
3/15/1994;5.3
3/16/1994;5.3
3/17/1994;5.28
3/18/1994;5.3
3/21/1994;5.2
3/22/1994;5.3
3/23/1994;5.39
3/24/1994;5.45
3/25/1994;5.47
3/28/1994;5.4
3/29/1994;5.16
3/30/1994;5.23
3/31/1994;5.3
4/1/1994;5.3
4/4/1994;5.28
4/5/1994;5.48
4/6/1994;5.56
4/7/1994;5.61
4/8/1994;5.44
4/11/1994;5.44
4/12/1994;5.3
4/13/1994;5.3
4/14/1994;5.26
4/15/1994;5.3
4/18/1994;5.19
4/19/1994;5.51
4/20/1994;5.59
4/21/1994;5.72
4/22/1994;5.73
4/25/1994;5.86
4/26/1994;5.93
4/27/1994;5.93
4/28/1994;5.76
4/29/1994;5.78
5/2/1994;5.97
5/3/1994;5.84
5/4/1994;5.95
5/5/1994;5.9
5/6/1994;5.77
5/9/1994;5.77
5/10/1994;5.87
5/11/1994;5.84
5/12/1994;5.91
5/13/1994;6.03
5/16/1994;5.94
5/17/1994;5.91
5/18/1994;6.07
5/19/1994;6.15
5/20/1994;6.11
5/23/1994;6.32
5/24/1994;6.39
5/25/1994;6.56
5/26/1994;6.5
5/27/1994;6.55
5/30/1994;6.55
5/31/1994;6.72
6/1/1994;6.62
6/2/1994;6.53
6/3/1994;6.61
6/6/1994;6.81
6/7/1994;6.7
6/8/1994;6.5
6/9/1994;6.53
6/10/1994;6.57
6/13/1994;6.61
6/14/1994;6.7
6/15/1994;6.78
6/16/1994;6.7
6/17/1994;6.62
6/20/1994;6.69
6/21/1994;6.58
6/22/1994;6.44
6/23/1994;6.27
6/24/1994;6.19
6/27/1994;6.48
6/28/1994;6.41
6/29/1994;6.42
6/30/1994;6.45
7/1/1994;6.28
7/4/1994;6.28
7/5/1994;6.14
7/6/1994;6.04
7/7/1994;6.3
7/8/1994;6.19
7/11/1994;6.05
7/12/1994;6
7/13/1994;6.19
7/14/1994;6.09
7/15/1994;6.08
7/18/1994;6.31
7/19/1994;6.27
7/20/1994;6.05
7/21/1994;5.97
7/22/1994;6.32
7/25/1994;6.4
7/26/1994;6.3
7/27/1994;6.19
7/28/1994;6.19
7/29/1994;6.44
8/1/1994;6.67
8/2/1994;6.6
8/3/1994;6.67
8/4/1994;6.59
8/5/1994;6.56
8/8/1994;6.62
8/9/1994;6.69
8/10/1994;6.77
8/11/1994;6.91
8/12/1994;6.91
8/15/1994;6.8
8/16/1994;6.86
8/17/1994;6.98
8/18/1994;6.94
8/19/1994;6.86
8/22/1994;6.83
8/23/1994;6.94
8/24/1994;6.97
8/25/1994;7.02
8/26/1994;7.11
8/29/1994;7.13
8/30/1994;7.3
8/31/1994;7.27
9/1/1994;7.02
9/2/1994;7
9/5/1994;7
9/6/1994;7
9/7/1994;7.16
9/8/1994;7.24
9/9/1994;7.11
9/12/1994;7.02
9/13/1994;7.2
9/14/1994;7.2
9/15/1994;7.28
9/16/1994;7.11
9/19/1994;7.11
9/20/1994;7
9/21/1994;7.16
9/22/1994;7.12
9/23/1994;7
9/26/1994;6.95
9/27/1994;7.06
9/28/1994;7.12
9/29/1994;7.06
9/30/1994;7.02
10/3/1994;6.98
10/4/1994;6.87
10/5/1994;6.94
10/6/1994;6.81
10/7/1994;6.8
10/10/1994;6.84
10/11/1994;6.98
10/12/1994;7.03
10/13/1994;7.16
10/14/1994;6.99
10/17/1994;6.89
10/18/1994;7.08
10/19/1994;7.2
10/20/1994;7.45
10/21/1994;7.42
10/24/1994;7.36
10/25/1994;7.46
10/26/1994;7.62
10/27/1994;7.7
10/28/1994;7.77
10/31/1994;7.87
11/1/1994;7.84
11/2/1994;7.87
11/3/1994;7.83
11/4/1994;7.69
11/7/1994;7.73
11/8/1994;7.95
11/9/1994;7.97
11/10/1994;7.96
11/11/1994;7.78
11/14/1994;8.06
11/15/1994;8.07
11/16/1994;8.08
11/17/1994;8.03
11/18/1994;8.02
11/21/1994;7.94
11/22/1994;7.75
11/23/1994;7.69
11/24/1994;7.69
11/25/1994;7.78
11/28/1994;7.92
11/29/1994;8.02
11/30/1994;7.86
12/1/1994;7.82
12/2/1994;7.91
12/5/1994;7.91
12/6/1994;7.92
12/7/1994;7.87
12/8/1994;7.81
12/9/1994;7.89
12/12/1994;7.89
12/13/1994;7.84
12/14/1994;7.91
12/15/1994;7.94
12/16/1994;7.92
12/19/1994;7.83
12/20/1994;7.48
12/21/1994;7.69
12/22/1994;7.58
12/23/1994;7.61
12/26/1994;7.61
12/27/1994;7.59
12/28/1994;7.62
12/29/1994;7.73
12/30/1994;7.64
1/2/1995;7.64
1/3/1995;7.52
1/4/1995;7.58
1/5/1995;7.45
1/6/1995;7.58
1/9/1995;7.53
1/10/1995;7.62
1/11/1995;7.67
1/12/1995;7.66
1/13/1995;7.84
1/16/1995;8.02
1/17/1995;8.08
1/18/1995;8.13
1/19/1995;7.94
1/20/1995;7.7
1/23/1995;7.85
1/24/1995;7.75
1/25/1995;7.72
1/26/1995;7.48
1/27/1995;7.48
1/30/1995;7.37
1/31/1995;7.42
2/1/1995;7.39
2/2/1995;7.37
2/3/1995;7.52
2/6/1995;7.61
2/7/1995;7.62
2/8/1995;7.73
2/9/1995;7.73
2/10/1995;7.75
2/13/1995;7.75
2/14/1995;7.73
2/15/1995;7.59
2/16/1995;7.61
2/17/1995;7.55
2/20/1995;7.55
2/21/1995;7.47
2/22/1995;7.69
2/23/1995;7.7
2/24/1995;7.66
2/27/1995;7.72
2/28/1995;7.87
3/1/1995;7.91
3/2/1995;7.97
3/3/1995;7.95
3/6/1995;8.04
3/7/1995;8.17
3/8/1995;8.56
3/9/1995;8.48
3/10/1995;8.57
3/13/1995;8.62
3/14/1995;8.97
3/15/1995;8.81
3/16/1995;8.77
3/17/1995;8.74
3/20/1995;8.89
3/21/1995;8.8
3/22/1995;8.87
3/23/1995;9.09
3/24/1995;9.23
3/27/1995;9.12
3/28/1995;9.2
3/29/1995;9.03
3/30/1995;9.02
3/31/1995;8.89
4/3/1995;8.75
4/4/1995;8.73
4/5/1995;8.83
4/6/1995;8.75
4/7/1995;8.7
4/10/1995;8.87
4/11/1995;9.02
4/12/1995;8.95
4/13/1995;9.06
4/14/1995;9.06
4/17/1995;9.67
4/18/1995;9.59
4/19/1995;9.52
4/20/1995;9.41
4/21/1995;9.37
4/24/1995;9.72
4/25/1995;10
4/26/1995;9.95
4/27/1995;9.83
4/28/1995;10.22
5/1/1995;10.27
5/2/1995;9.95
5/3/1995;10.11
5/4/1995;10.19
5/5/1995;10
5/8/1995;9.98
5/9/1995;9.98
5/10/1995;9.91
5/11/1995;10.17
5/12/1995;10.09
5/15/1995;10.16
5/16/1995;10.61
5/17/1995;10.75
5/18/1995;10.58
5/19/1995;10.67
5/22/1995;10.91
5/23/1995;11.06
5/24/1995;10.94
5/25/1995;11.16
5/26/1995;10.94
5/29/1995;10.94
5/30/1995;10.37
5/31/1995;10.59
6/1/1995;10.52
6/2/1995;10.39
6/5/1995;10.59
6/6/1995;10.39
6/7/1995;10.5
6/8/1995;10.52
6/9/1995;10.61
6/12/1995;10.47
6/13/1995;10.48
6/14/1995;10.48
6/15/1995;10.61
6/16/1995;10.87
6/19/1995;11.23
6/20/1995;11.42
6/21/1995;11.31
6/22/1995;11.48
6/23/1995;11.39
6/26/1995;11.22
6/27/1995;10.86
6/28/1995;10.98
6/29/1995;11.17
6/30/1995;11.3
7/3/1995;11.37
7/4/1995;11.37
7/5/1995;11.34
7/6/1995;11.59
7/7/1995;11.95
7/10/1995;12.36
7/11/1995;12.06
7/12/1995;12.48
7/13/1995;12.52
7/14/1995;12.95
7/17/1995;13.62
7/18/1995;12.73
7/19/1995;11.81
7/20/1995;12.02
7/21/1995;11.5
7/24/1995;11.7
7/25/1995;12.05
7/26/1995;12
7/27/1995;12.06
7/28/1995;11.58
7/31/1995;11.31
8/1/1995;11.19
8/2/1995;11.12
8/3/1995;11.39
8/4/1995;11.73
8/7/1995;11.7
8/8/1995;11.69
8/9/1995;12.06
8/10/1995;11.77
8/11/1995;12.06
8/14/1995;12.34
8/15/1995;12.3
8/16/1995;12.34
8/17/1995;12.39
8/18/1995;12.14
8/21/1995;11.81
8/22/1995;12.41
8/23/1995;12.23
8/24/1995;12.02
8/25/1995;11.8
8/28/1995;11.26
8/29/1995;11.48
8/30/1995;11.66
8/31/1995;11.56
9/1/1995;11.22
9/4/1995;11.22
9/5/1995;11.87
9/6/1995;11.69
9/7/1995;11.83
9/8/1995;11.94
9/11/1995;12.2
9/12/1995;12.03
9/13/1995;12.02
9/14/1995;11.86
9/15/1995;11.68
9/18/1995;11.5
9/19/1995;11.66
9/20/1995;11.64
9/21/1995;11.33
9/22/1995;11.22
9/25/1995;11.28
9/26/1995;11.03
9/27/1995;11.08
9/28/1995;11.44
9/29/1995;11.31
10/2/1995;11.03
10/3/1995;11.11
10/4/1995;10.77
10/5/1995;10.94
10/6/1995;10.73
10/9/1995;10.39
10/10/1995;10.47
10/11/1995;10.83
10/12/1995;10.95
10/13/1995;10.78
10/16/1995;10.84
10/17/1995;11.39
10/18/1995;11.95
10/19/1995;12.09
10/20/1995;11.94
10/23/1995;12.05
10/24/1995;12.19
10/25/1995;11.98
10/26/1995;12.25
10/27/1995;12.5
10/30/1995;12.84
10/31/1995;12.5
11/1/1995;12.3
11/2/1995;12.5
11/3/1995;12.44
11/6/1995;12.17
11/7/1995;11.62
11/8/1995;11.91
11/9/1995;12.37
11/10/1995;12.11
11/13/1995;12.04
11/14/1995;11.75
11/15/1995;11.75
11/16/1995;11.23
11/17/1995;10.92
11/20/1995;10.75
11/21/1995;11
11/22/1995;10.92
11/23/1995;10.92
11/24/1995;11
11/27/1995;10.91
11/28/1995;11.44
11/29/1995;11.22
11/30/1995;10.89
12/1/1995;10.78
12/4/1995;10.98
12/5/1995;10.75
12/6/1995;11.33
12/7/1995;11.31
12/8/1995;11.81
12/11/1995;11.64
12/12/1995;11.42
12/13/1995;11.47
12/14/1995;11.09
12/15/1995;11.05
12/18/1995;10.87
12/19/1995;11.36
12/20/1995;10.89
12/21/1995;11.25
12/22/1995;11.31
12/25/1995;11.31
12/26/1995;11.28
12/27/1995;11.11
12/28/1995;10.92
12/29/1995;10.97
1/1/1996;10.97
1/2/1996;11.22
1/3/1996;10.86
1/4/1996;10.92
1/5/1996;10.8
1/8/1996;10.78
1/9/1996;10.02
1/10/1996;10.3
1/11/1996;10.83
1/12/1996;10.72
1/15/1996;10.31
1/16/1996;10.8
1/17/1996;10.61
1/18/1996;10.95
1/19/1996;11.48
1/22/1996;11.5
1/23/1996;11.19
1/24/1996;11.41
1/25/1996;11.17
1/26/1996;11.31
1/29/1996;11.3
1/30/1996;11.35
1/31/1996;11.56
2/1/1996;11.77
2/2/1996;11.62
2/5/1996;12.14
2/6/1996;12.06
2/7/1996;12.11
2/8/1996;12.36
2/9/1996;12.52
2/12/1996;12.44
2/13/1996;12.45
2/14/1996;12.34
2/15/1996;12.31
2/16/1996;12.23
2/19/1996;12.23
2/20/1996;12.22
2/21/1996;12.48
2/22/1996;12.81
2/23/1996;12.94
2/26/1996;12.58
2/27/1996;12.52
2/28/1996;12.52
2/29/1996;12.34
3/1/1996;11.94
3/4/1996;12.03
3/5/1996;12.27
3/6/1996;12.12
3/7/1996;12.16
3/8/1996;11.89
3/11/1996;12.06
3/12/1996;11.97
3/13/1996;12.61
3/14/1996;12.45
3/15/1996;12.8
3/18/1996;13.16
3/19/1996;13.36
3/20/1996;13.08
3/21/1996;12.59
3/22/1996;12.64
3/25/1996;12.48
3/26/1996;12.84
3/27/1996;12.81
3/28/1996;12.78
3/29/1996;12.89
4/1/1996;12.84
4/2/1996;13.08
4/3/1996;13.06
4/4/1996;13.05
4/5/1996;13.05
4/8/1996;12.97
4/9/1996;12.7
4/10/1996;12.7
4/11/1996;12.64
4/12/1996;12.64
4/15/1996;12.94
4/16/1996;13.16
4/17/1996;13.24
4/18/1996;13.62
4/19/1996;13.72
4/22/1996;14.09
4/23/1996;14.08
4/24/1996;13.94
4/25/1996;14.09
4/26/1996;14.19
4/29/1996;14.08
4/30/1996;14.16
5/1/1996;14.39
5/2/1996;13.95
5/3/1996;13.86
5/6/1996;13.97
5/7/1996;14.14
5/8/1996;14.28
5/9/1996;14.19
5/10/1996;14.36
5/13/1996;14.83
5/14/1996;14.87
5/15/1996;14.7
5/16/1996;14.64
5/17/1996;14.62
5/20/1996;14.59
5/21/1996;14.39
5/22/1996;14.61
5/23/1996;14.81
5/24/1996;14.81
5/27/1996;14.81
5/28/1996;14.66
5/29/1996;14.64
5/30/1996;14.78
5/31/1996;14.84
6/3/1996;14.8
6/4/1996;14.73
6/5/1996;15.11
6/6/1996;14.98
6/7/1996;15.16
6/10/1996;15.08
6/11/1996;15.27
6/12/1996;15.62
6/13/1996;15.58
6/14/1996;15.37
6/17/1996;15.58
6/18/1996;15.3
6/19/1996;15.22
6/20/1996;15.22
6/21/1996;15.48
6/24/1996;15.52
6/25/1996;15.25
6/26/1996;15.06
6/27/1996;14.99
6/28/1996;15.02
7/1/1996;15.29
7/2/1996;15.2
7/3/1996;15.14
7/4/1996;15.14
7/5/1996;14.8
7/8/1996;15.04
7/9/1996;15
7/10/1996;14.94
7/11/1996;14.31
7/12/1996;14.05
7/15/1996;13.83
7/16/1996;14.42
7/17/1996;14.64
7/18/1996;14.98
7/19/1996;15.12
7/22/1996;14.97
7/23/1996;14.02
7/24/1996;14.34
7/25/1996;14.81
7/26/1996;14.89
7/29/1996;14.61
7/30/1996;14.83
7/31/1996;14.73
8/1/1996;15.08
8/2/1996;15.42
8/5/1996;15.22
8/6/1996;15.5
8/7/1996;15.59
8/8/1996;15.66
8/9/1996;15.56
8/12/1996;15.66
8/13/1996;15.44
8/14/1996;15.61
8/15/1996;15.64
8/16/1996;15.53
8/19/1996;15.44
8/20/1996;15.42
8/21/1996;15.44
8/22/1996;15.62
8/23/1996;15.41
8/26/1996;15.36
8/27/1996;15.59
8/28/1996;15.7
8/29/1996;15.52
8/30/1996;15.31
9/2/1996;15.31
9/3/1996;15.42
9/4/1996;15.42
9/5/1996;15.19
9/6/1996;15.31
9/9/1996;15.61
9/10/1996;15.55
9/11/1996;15.64
9/12/1996;16.04
9/13/1996;16.37
9/16/1996;16.44
9/17/1996;16.73
9/18/1996;17.06
9/19/1996;17.22
9/20/1996;17.27
9/23/1996;17.22
9/24/1996;17.11
9/25/1996;16.95
9/26/1996;16.5
9/27/1996;16.8
9/30/1996;16.48
10/1/1996;16.52
10/2/1996;16.84
10/3/1996;16.75
10/4/1996;17.05
10/7/1996;17.19
10/8/1996;16.92
10/9/1996;16.81
10/10/1996;16.72
10/11/1996;17.14
10/14/1996;17.08
10/15/1996;17.36
10/16/1996;17.25
10/17/1996;16.94
10/18/1996;16.84
10/21/1996;16.75
10/22/1996;16.56
10/23/1996;16.81
10/24/1996;17.08
10/25/1996;17.05
10/28/1996;17.08
10/29/1996;16.92
10/30/1996;17.03
10/31/1996;17.16
11/1/1996;17.17
11/4/1996;17.25
11/5/1996;17.69
11/6/1996;18.06
11/7/1996;17.94
11/8/1996;17.94
11/11/1996;17.95
11/12/1996;17.72
11/13/1996;18.12
11/14/1996;18.7
11/15/1996;18.62
11/18/1996;18.8
11/19/1996;19.48
11/20/1996;19.16
11/21/1996;18.8
11/22/1996;18.81
11/25/1996;19.19
11/26/1996;19.22
11/27/1996;19.44
11/28/1996;19.44
11/29/1996;19.61
12/2/1996;19.72
12/3/1996;19.34
12/4/1996;19.16
12/5/1996;19.12
12/6/1996;19.11
12/9/1996;20.44
12/10/1996;20.47
12/11/1996;20.84
12/12/1996;20.25
12/13/1996;20
12/16/1996;19.19
12/17/1996;19.97
12/18/1996;20.66
12/19/1996;21.22
12/20/1996;20.91
12/23/1996;20.94
12/24/1996;21.22
12/25/1996;21.22
12/26/1996;21.37
12/27/1996;21.06
12/30/1996;20.87
12/31/1996;20.66
1/1/1997;20.66
1/2/1997;20.41
1/3/1997;21.16
1/6/1997;21.09
1/7/1997;21.25
1/8/1997;20.84
1/9/1997;20.59
1/10/1997;21.06
1/13/1997;20.94
1/14/1997;21.34
1/15/1997;21.16
1/16/1997;21.5
1/17/1997;21.78
1/20/1997;22.69
1/21/1997;23.75
1/22/1997;24.34
1/23/1997;23.69
1/24/1997;23.98
1/27/1997;24.03
1/28/1997;23.91
1/29/1997;24.31
1/30/1997;25.28
1/31/1997;25.5
2/3/1997;25.59
2/4/1997;25.78
2/5/1997;24.59
2/6/1997;24.28
2/7/1997;25.09
2/10/1997;24.44
2/11/1997;24.62
2/12/1997;24.97
2/13/1997;25
2/14/1997;24.47
2/17/1997;24.47
2/18/1997;24.34
2/19/1997;24.37
2/20/1997;23.81
2/21/1997;23.75
2/24/1997;25.03
2/25/1997;24.87
2/26/1997;25.06
2/27/1997;24.03
2/28/1997;24.37
3/3/1997;24.87
3/4/1997;24.78
3/5/1997;25.22
3/6/1997;24.44
3/7/1997;24.19
3/10/1997;25
3/11/1997;24.59
3/12/1997;24.69
3/13/1997;24.91
3/14/1997;24.75
3/17/1997;25.12
3/18/1997;24.91
3/19/1997;24.19
3/20/1997;24
3/21/1997;23.5
3/24/1997;22.53
3/25/1997;22.58
3/26/1997;23.56
3/27/1997;23.44
3/28/1997;23.44
3/31/1997;22.92
4/1/1997;23.31
4/2/1997;23
4/3/1997;23.78
4/4/1997;23.55
4/7/1997;23.97
4/8/1997;24.56
4/9/1997;24.5
4/10/1997;24.19
4/11/1997;23.75
4/14/1997;24.34
4/15/1997;24.28
4/16/1997;24.56
4/17/1997;24.53
4/18/1997;26.91
4/21/1997;26.91
4/22/1997;27.66
4/23/1997;28.78
4/24/1997;28.53
4/25/1997;28.41
4/28/1997;28.72
4/29/1997;29.75
4/30/1997;30.37
5/1/1997;30.25
5/2/1997;30.19
5/5/1997;30.05
5/6/1997;29.33
5/7/1997;28.87
5/8/1997;29.09
5/9/1997;29.19
5/12/1997;29.53
5/13/1997;29.44
5/14/1997;28.97
5/15/1997;29.28
5/16/1997;28.86
5/19/1997;28.78
5/20/1997;29.78
5/21/1997;30.09
5/22/1997;30.16
5/23/1997;30.72
5/26/1997;30.72
5/27/1997;31.66
5/28/1997;31.47
5/29/1997;31.47
5/30/1997;31
6/2/1997;31.09
6/3/1997;30.19
6/4/1997;29.8
6/5/1997;30.14
6/6/1997;31.02
6/9/1997;31.28
6/10/1997;31.2
6/11/1997;31.75
6/12/1997;31.75
6/13/1997;32.41
6/16/1997;32.84
6/17/1997;33.55
6/18/1997;32.55
6/19/1997;32.33
6/20/1997;32.47
6/23/1997;32.02
6/24/1997;33.02
6/25/1997;32.61
6/26/1997;32.06
6/27/1997;31.87
6/30/1997;31.59
7/1/1997;31.23
7/2/1997;32.09
7/3/1997;32.39
7/4/1997;32.39
7/7/1997;32.37
7/8/1997;32.81
7/9/1997;32.69
7/10/1997;32.47
7/11/1997;32.44
7/14/1997;33.98
7/15/1997;34.62
7/16/1997;37.11
7/17/1997;37.37
7/18/1997;35.12
7/21/1997;33.98
7/22/1997;36.03
7/23/1997;35.36
7/24/1997;34.5
7/25/1997;34.62
7/28/1997;34.25
7/29/1997;34.98
7/30/1997;35.28
7/31/1997;35.34
8/1/1997;35.16
8/4/1997;35.39
8/5/1997;35.83
8/6/1997;35.86
8/7/1997;35.98
8/8/1997;35
8/11/1997;34.56
8/12/1997;34
8/13/1997;34.02
8/14/1997;34.06
8/15/1997;33.22
8/18/1997;33.47
8/19/1997;34.7
8/20/1997;35.14
8/21/1997;34.47
8/22/1997;34.31
8/25/1997;34.12
8/26/1997;33.75
8/27/1997;33.64
8/28/1997;33.02
8/29/1997;33.05
9/1/1997;33.05
9/2/1997;34.3
9/3/1997;34.14
9/4/1997;34.55
9/5/1997;34.33
9/8/1997;34.83
9/9/1997;34.87
9/10/1997;33.78
9/11/1997;34.2
9/12/1997;34.48
9/15/1997;32.67
9/16/1997;34.09
9/17/1997;33.3
9/18/1997;33.06
9/19/1997;33.8
9/22/1997;33.33
9/23/1997;33.87
9/24/1997;33.11
9/25/1997;33.19
9/26/1997;33.34
9/29/1997;33.62
9/30/1997;33.08
10/1/1997;33.47
10/2/1997;33.3
10/3/1997;33.73
10/6/1997;33.78
10/7/1997;34.14
10/8/1997;34.75
10/9/1997;34.73
10/10/1997;34.12
10/13/1997;34.19
10/14/1997;34.17
10/15/1997;33.94
10/16/1997;33.48
10/17/1997;33.06
10/20/1997;33.16
10/21/1997;34.62
10/22/1997;33.92
10/23/1997;33.91
10/24/1997;33.84
10/27/1997;32.19
10/28/1997;33.34
10/29/1997;32.78
10/30/1997;32.16
10/31/1997;32.5
11/3/1997;33.53
11/4/1997;33.56
11/5/1997;33.39
11/6/1997;33.02
11/7/1997;32.89
11/10/1997;32.55
11/11/1997;32.66
11/12/1997;32.3
11/13/1997;32.89
11/14/1997;33.33
11/17/1997;33.72
11/18/1997;33.5
11/19/1997;33.77
11/20/1997;34.22
11/21/1997;34.47
11/24/1997;33.87
11/25/1997;34.75
11/26/1997;35.39
11/27/1997;35.39
11/28/1997;35.37
12/1/1997;35.95
12/2/1997;35.56
12/3/1997;36.17
12/4/1997;35.64
12/5/1997;35.78
12/8/1997;36.53
12/9/1997;36.08
12/10/1997;35.56
12/11/1997;34.77
12/12/1997;34.19
12/15/1997;34.03
12/16/1997;34.77
12/17/1997;33.91
12/18/1997;32.72
12/19/1997;32.17
12/22/1997;31.75
12/23/1997;30.83
12/24/1997;29.73
12/25/1997;29.73
12/26/1997;30.19
12/29/1997;31.58
12/30/1997;32.56
12/31/1997;32.31
1/1/1998;32.31
1/2/1998;32.78
1/5/1998;32.59
1/6/1998;32.78
1/7/1998;32.39
1/8/1998;32.62
1/9/1998;31.75
1/12/1998;32.37
1/13/1998;33.03
1/14/1998;32.78
1/15/1998;33.08
1/16/1998;33.81
1/19/1998;33.81
1/20/1998;34.45
1/21/1998;34.25
1/22/1998;34.66
1/23/1998;34.56
1/26/1998;35.44
1/27/1998;36.3
1/28/1998;37.25
1/29/1998;37.06
1/30/1998;37.3
2/2/1998;38.72
2/3/1998;38.97
2/4/1998;39.2
2/5/1998;38.86
2/6/1998;39.53
2/9/1998;39.3
2/10/1998;39.81
2/11/1998;39.73
2/12/1998;39.69
2/13/1998;39.37
2/16/1998;39.37
2/17/1998;38.59
2/18/1998;38.66
2/19/1998;38.72
2/20/1998;38.78
2/23/1998;40.81
2/24/1998;41.06
2/25/1998;42.47
2/26/1998;42.75
2/27/1998;42.37
3/2/1998;41.66
3/3/1998;42.25
3/4/1998;41.16
3/5/1998;40.03
3/6/1998;41.37
3/9/1998;39.8
3/10/1998;40.75
3/11/1998;40.34
3/12/1998;40.94
3/13/1998;41.19
3/16/1998;41
3/17/1998;40.19
3/18/1998;40.87
3/19/1998;41
3/20/1998;40.91
3/23/1998;41.94
3/24/1998;42.47
3/25/1998;44.41
3/26/1998;44.12
3/27/1998;43.91
3/30/1998;43.97
3/31/1998;44.75
4/1/1998;45.19
4/2/1998;45.66
4/3/1998;46.5
4/6/1998;44.97
4/7/1998;43.62
4/8/1998;44.47
4/9/1998;44.5
4/10/1998;44.5
4/13/1998;44.31
4/14/1998;44.22
4/15/1998;45.69
4/16/1998;45.84
4/17/1998;46.06
4/20/1998;47.31
4/21/1998;47.44
4/22/1998;49.44
4/23/1998;47.25
4/24/1998;46.06
4/27/1998;45.16
4/28/1998;44.94
4/29/1998;45.25
4/30/1998;45.06
5/1/1998;44.81
5/4/1998;44.03
5/5/1998;43.87
5/6/1998;43.19
5/7/1998;41.69
5/8/1998;42.87
5/11/1998;42.12
5/12/1998;42.84
5/13/1998;43.47
5/14/1998;44.47
5/15/1998;44.72
5/18/1998;43.03
5/19/1998;43.25
5/20/1998;42.87
5/21/1998;43.19
5/22/1998;42.78
5/25/1998;42.78
5/26/1998;41.81
5/27/1998;43
5/28/1998;43.16
5/29/1998;42.41
6/1/1998;41.87
6/2/1998;42.75
6/3/1998;42.16
6/4/1998;43.03
6/5/1998;43.12
6/8/1998;42.84
6/9/1998;43.53
6/10/1998;43
6/11/1998;42.66
6/12/1998;42.87
6/15/1998;42.97
6/16/1998;44.94
6/17/1998;45.53
6/18/1998;45.59
6/19/1998;47.34
6/22/1998;47.91
6/23/1998;50.37
6/24/1998;52.47
6/25/1998;50.78
6/26/1998;52.22
6/29/1998;53.72
6/30/1998;54.19
7/1/1998;54.69
7/2/1998;53.62
7/3/1998;53.62
7/6/1998;53.91
7/7/1998;53.97
7/8/1998;54.94
7/9/1998;55.5
7/10/1998;56.59
7/13/1998;58.78
7/14/1998;58.25
7/15/1998;58.69
7/16/1998;58.69
7/17/1998;58.97
7/20/1998;58.5
7/21/1998;56.41
7/22/1998;58.37
7/23/1998;56.5
7/24/1998;56.91
7/27/1998;58.37
7/28/1998;56.12
7/29/1998;55.34
7/30/1998;56.72
7/31/1998;54.97
8/3/1998;54.22
8/4/1998;52.25
8/5/1998;52.16
8/6/1998;53.44
8/7/1998;52.94
8/10/1998;52.22
8/11/1998;51.72
8/12/1998;52.53
8/13/1998;51.97
8/14/1998;52.12
8/17/1998;53.66
8/18/1998;55.62
8/19/1998;55.28
8/20/1998;56.28
8/21/1998;55.31
8/24/1998;55.19
8/25/1998;56.41
8/26/1998;56.28
8/27/1998;54.62
8/28/1998;52.62
8/31/1998;47.97
9/1/1998;50.62
9/2/1998;50.28
9/3/1998;49.62
9/4/1998;48.31
9/7/1998;48.31
9/8/1998;50.98
9/9/1998;51.12
9/10/1998;50.37
9/11/1998;52.12
9/14/1998;53
9/15/1998;54.16
9/16/1998;54.09
9/17/1998;52.47
9/18/1998;52.69
9/21/1998;53.94
9/22/1998;54.59
9/23/1998;56.81
9/24/1998;55.06
9/25/1998;56.53
9/28/1998;55.66
9/29/1998;56.44
9/30/1998;55.03
10/1/1998;52.03
10/2/1998;52.06
10/5/1998;50.59
10/6/1998;48.81
10/7/1998;47.06
10/8/1998;45.59
10/9/1998;48.44
10/12/1998;49.87
10/13/1998;48.22
10/14/1998;50.09
10/15/1998;52.72
10/16/1998;52.53
10/19/1998;51.47
10/20/1998;50.12
10/21/1998;53.22
10/22/1998;55
10/23/1998;53.19
10/26/1998;53.53
10/27/1998;52.72
10/28/1998;52.84
10/29/1998;53.31
10/30/1998;52.94
11/2/1998;52.91
11/3/1998;52.59
11/4/1998;52.75
11/5/1998;53.19
11/6/1998;54.66
11/9/1998;55.34
11/10/1998;56.03
11/11/1998;55.53
11/12/1998;54.37
11/13/1998;55
11/16/1998;54.41
11/17/1998;55.94
11/18/1998;54.87
11/19/1998;55.87
11/20/1998;56.81
11/23/1998;59.59
11/24/1998;60.84
11/25/1998;62.12
11/26/1998;62.12
11/27/1998;64.03
11/30/1998;61
12/1/1998;64.75
12/2/1998;63.37
12/3/1998;61.06
12/4/1998;63.69
12/7/1998;66.78
12/8/1998;65.59
12/9/1998;66.81
12/10/1998;65.78
12/11/1998;67
12/14/1998;63.97
12/15/1998;65.94
12/16/1998;66.87
12/17/1998;67.19
12/18/1998;68.91
12/21/1998;70.22
12/22/1998;69.22
12/23/1998;71.78
12/24/1998;70.87
12/25/1998;70.87
12/28/1998;71.19
12/29/1998;70.25
12/30/1998;69.5
12/31/1998;69.34
1/1/1999;69.34
1/4/1999;70.5
1/5/1999;73.25
1/6/1999;75.62
1/7/1999;75.25
1/8/1999;74.94
1/11/1999;73.75
1/12/1999;71.09
1/13/1999;71.91
1/14/1999;70.87
1/15/1999;74.87
1/18/1999;74.87
1/19/1999;77.81
1/20/1999;81.31
1/21/1999;79.16
1/22/1999;78.12
1/25/1999;80.94
1/26/1999;85.78
1/27/1999;84.31
1/28/1999;87
1/29/1999;87.5
2/1/1999;86.47
2/2/1999;83.81
2/3/1999;83.41
2/4/1999;79.53
2/5/1999;80
2/8/1999;82.62
2/9/1999;80.03
2/10/1999;80.31
2/11/1999;81.37
2/12/1999;78.87
2/15/1999;78.87
2/16/1999;78.12
2/17/1999;75
2/18/1999;72.87
2/19/1999;73.87
2/22/1999;74.41
2/23/1999;77.72
2/24/1999;76.44
2/25/1999;76.75
2/26/1999;75.06
3/1/1999;75.87
3/2/1999;74.28
3/3/1999;74.81
3/4/1999;76.12
3/5/1999;77.47
3/8/1999;79.5
3/9/1999;80.91
3/10/1999;80.69
3/11/1999;80.72
3/12/1999;80.09
3/15/1999;82.94
3/16/1999;84.53
3/17/1999;83.56
3/18/1999;86.22
3/19/1999;85.59
3/22/1999;86.41
3/23/1999;83.28
3/24/1999;85.62
3/25/1999;89.97
3/26/1999;89.06
3/29/1999;92.38
3/30/1999;93
3/31/1999;89.63
4/1/1999;92.69
4/2/1999;92.69
4/5/1999;94.94
4/6/1999;94.06
4/7/1999;93.31
4/8/1999;94.56
4/9/1999;94.25
4/12/1999;93
4/13/1999;90.13
4/14/1999;85.88
4/15/1999;88.88
4/16/1999;86.63
4/19/1999;81
4/20/1999;83.13
4/21/1999;82
4/22/1999;84.94
4/23/1999;86
4/26/1999;88
4/27/1999;84
4/28/1999;82.13
4/29/1999;82.06
4/30/1999;81.31
5/3/1999;79.88
5/4/1999;78.06
5/5/1999;79.13
5/6/1999;77.94
5/7/1999;79.06
5/10/1999;79.69
5/11/1999;79.88
5/12/1999;80.5
5/13/1999;79.13
5/14/1999;76.88
5/17/1999;79.13
5/18/1999;78.69
5/19/1999;79.31
5/20/1999;78.44
5/21/1999;77.56
5/24/1999;77.25
5/25/1999;76.25
5/26/1999;78.5
5/27/1999;78.38
5/28/1999;80.69
5/31/1999;80.69
6/1/1999;78.5
6/2/1999;78.44
6/3/1999;76.38
6/4/1999;79.56
6/7/1999;80.25
6/8/1999;79.38
6/9/1999;82.31
6/10/1999;79.88
6/11/1999;78.13
6/14/1999;77.56
6/15/1999;77.69
6/16/1999;81
6/17/1999;82.88
6/18/1999;85
6/21/1999;88.94
6/22/1999;86.5
6/23/1999;86
6/24/1999;84.63
6/25/1999;84.94
6/28/1999;86.75
6/29/1999;88
6/30/1999;90.19
7/1/1999;91.19
7/2/1999;92
7/5/1999;92
7/6/1999;89.56
7/7/1999;92.31
7/8/1999;92.56
7/9/1999;93.25
7/12/1999;94.19
7/13/1999;93.63
7/14/1999;94.94
7/15/1999;94.38
7/16/1999;99.44
7/19/1999;98.38
7/20/1999;93.31
7/21/1999;94.69
7/22/1999;91.06
7/23/1999;90.25
7/26/1999;87.63
7/27/1999;88.81
7/28/1999;90
7/29/1999;86.94
7/30/1999;85.81
8/2/1999;84.81
8/3/1999;84.75
8/4/1999;84.94
8/5/1999;85.75
8/6/1999;85.13
8/9/1999;83.81
8/10/1999;82.94
8/11/1999;84.19
8/12/1999;81.75
8/13/1999;84.69
8/16/1999;84.31
8/17/1999;84.56
8/18/1999;85
8/19/1999;83.81
8/20/1999;83.38
8/23/1999;86.44
8/24/1999;92.19
8/25/1999;95.31
8/26/1999;94.63
8/27/1999;93.25
8/30/1999;92.25
8/31/1999;92.56
9/1/1999;92.38
9/2/1999;91.81
9/3/1999;95.88
9/6/1999;95.88
9/7/1999;94.25
9/8/1999;92.25
9/9/1999;94.06
9/10/1999;95
9/13/1999;93.88
9/14/1999;95.06
9/15/1999;92.63
9/16/1999;94
9/17/1999;96.44
9/20/1999;97.56
9/21/1999;94.63
9/22/1999;96.06
9/23/1999;91.19
9/24/1999;90.94
9/27/1999;91.44
9/28/1999;92.13
9/29/1999;89.5
9/30/1999;90.56
10/1/1999;89.98
10/4/1999;92.56
10/5/1999;91.81
10/6/1999;93.69
10/7/1999;93.75
10/8/1999;94.94
10/11/1999;94.31
10/12/1999;92.56
10/13/1999;91.06
10/14/1999;90.69
10/15/1999;88.06
10/18/1999;87.88
10/19/1999;86.31
10/20/1999;92.25
10/21/1999;93.06
10/22/1999;92.69
10/25/1999;92.44
10/26/1999;92.38
10/27/1999;90.88
10/28/1999;89.88
10/29/1999;92.56
11/1/1999;92.38
11/2/1999;92.56
11/3/1999;92
11/4/1999;91.75
11/5/1999;91.56
11/8/1999;89.94
11/9/1999;88.88
11/10/1999;87.13
11/11/1999;89.63
11/12/1999;89.19
11/15/1999;87
11/16/1999;87.31
11/17/1999;85
11/18/1999;84.94
11/19/1999;86
11/22/1999;89.81
11/23/1999;89.63
11/24/1999;91.69
11/25/1999;91.69
11/26/1999;91.13
11/29/1999;90.19
11/30/1999;91.05
12/1/1999;93.19
12/2/1999;94.81
12/3/1999;96.13
12/6/1999;95.44
12/7/1999;93
12/8/1999;91.75
12/9/1999;92.75
12/10/1999;93.88
12/13/1999;96.63
12/14/1999;98.69
12/15/1999;108.44
12/16/1999;113.69
12/17/1999;115.25
12/20/1999;112.75
12/21/1999;115.88
12/22/1999;117.56
12/23/1999;117.44
12/24/1999;117.44
12/27/1999;119.13
12/28/1999;117.5
12/29/1999;117.94
12/30/1999;117.63
12/31/1999;116.75
1/3/2000;116.56
1/4/2000;112.63
1/5/2000;113.81
1/6/2000;110
1/7/2000;111.44
1/10/2000;112.25
1/11/2000;109.38
1/12/2000;105.81
1/13/2000;107.81
1/14/2000;112.25
1/17/2000;112.25
1/18/2000;115.31
1/19/2000;107
1/20/2000;106
1/21/2000;103.75
1/24/2000;101.25
1/25/2000;102.81
1/26/2000;99.38
1/27/2000;98.75
1/28/2000;98.25
1/31/2000;97.88
2/1/2000;102.94
2/2/2000;100.81
2/3/2000;103.63
2/4/2000;106.56
2/7/2000;106.63
2/8/2000;109.94
2/9/2000;104
2/10/2000;106
2/11/2000;99.94
2/14/2000;99.63
2/15/2000;98.56
2/16/2000;97.63
2/17/2000;99.63
2/18/2000;95.06
2/21/2000;95.06
2/22/2000;93.81
2/23/2000;94.25
2/24/2000;94.75
2/25/2000;91.31
2/28/2000;91.56
2/29/2000;89.38
3/1/2000;90.81
3/2/2000;93.38
3/3/2000;96.13
3/6/2000;90.63
3/7/2000;92.88
3/8/2000;95.56
3/9/2000;100
3/10/2000;101
3/13/2000;98
3/14/2000;95.13
3/15/2000;95.38
3/16/2000;95.38
3/17/2000;99.38
3/20/2000;97.38
3/21/2000;102.75
3/22/2000;103.25
3/23/2000;111.88
3/24/2000;111.69
3/27/2000;104.06
3/28/2000;104.31
3/29/2000;107.19
3/30/2000;103.38
3/31/2000;106.25
4/3/2000;90.88
4/4/2000;88.56
4/5/2000;86.38
4/6/2000;86
4/7/2000;89.06
4/10/2000;86.06
4/11/2000;83.88
4/12/2000;79.38
4/13/2000;79.25
4/14/2000;74.13
4/17/2000;75.88
4/18/2000;80.56
4/19/2000;78.69
4/20/2000;78.94
4/21/2000;78.94
4/24/2000;66.63
4/25/2000;69.38
4/26/2000;68
4/27/2000;69.81
4/28/2000;69.75
5/1/2000;73.44
5/2/2000;69.88
5/3/2000;70.56
5/4/2000;70.44
5/5/2000;71.13
5/8/2000;69.81
5/9/2000;67.81
5/10/2000;66.19
5/11/2000;67.88
5/12/2000;68.81
5/15/2000;69.38
5/16/2000;69.5
5/17/2000;67.69
5/18/2000;66.19
5/19/2000;65.06
5/22/2000;64.19
5/23/2000;63.19
5/24/2000;65.56
5/25/2000;61.5
5/26/2000;61.44
5/29/2000;61.44
5/30/2000;63.38
5/31/2000;62.56
6/1/2000;64.56
6/2/2000;66.31
6/5/2000;66.88
6/6/2000;69.63
6/7/2000;70.5
6/8/2000;68.81
6/9/2000;68.81
6/12/2000;66.88
6/13/2000;67.88
6/14/2000;70.5
6/15/2000;72.38
6/16/2000;72.56
6/19/2000;73.69
6/20/2000;74.94
6/21/2000;80.69
6/22/2000;79.88
6/23/2000;77.69
6/26/2000;79.5
6/27/2000;78.81
6/28/2000;78.94
6/29/2000;77.19
6/30/2000;80
7/3/2000;80
7/4/2000;80
7/5/2000;78.5
7/6/2000;80.94
7/7/2000;82
7/10/2000;79.44
7/11/2000;79.13
7/12/2000;80.31
7/13/2000;79.94
7/14/2000;78.94
7/17/2000;78.19
7/18/2000;78.5
7/19/2000;73.13
7/20/2000;74.81
7/21/2000;72.31
7/24/2000;70.56
7/25/2000;69
7/26/2000;67.81
7/27/2000;69.38
7/28/2000;69.69
7/31/2000;69.81
8/1/2000;68.69
8/2/2000;69.38
8/3/2000;70.25
8/4/2000;69.13
8/7/2000;70
8/8/2000;74.13
8/9/2000;74.25
8/10/2000;72.63
8/11/2000;72.44
8/14/2000;72.19
8/15/2000;71.63
8/16/2000;71
8/17/2000;71.56
8/18/2000;71
8/21/2000;70.63
8/22/2000;71.25
8/23/2000;70.75
8/24/2000;71.13
8/25/2000;70.63
8/28/2000;71.31
8/29/2000;70.94
8/30/2000;70
8/31/2000;69.81
9/1/2000;70.19
9/4/2000;70.19
9/5/2000;70.13
9/6/2000;69.44
9/7/2000;70.06
9/8/2000;69.31
9/11/2000;68.81
9/12/2000;68.13
9/13/2000;68.25
9/14/2000;65.81
9/15/2000;64.19
9/18/2000;63
9/19/2000;65
9/20/2000;64.25
9/21/2000;64.19
9/22/2000;63.25
9/25/2000;61.25
9/26/2000;62.69
9/27/2000;60.63
9/28/2000;61.31
9/29/2000;60.31
10/2/2000;59.13
10/3/2000;56.56
10/4/2000;55.44
10/5/2000;55.38
10/6/2000;55.56
10/9/2000;54.19
10/10/2000;54.56
10/11/2000;55.75
10/12/2000;54.38
10/13/2000;53.75
10/16/2000;50.38
10/17/2000;50.44
10/18/2000;51.75
10/19/2000;61.88
10/20/2000;65.19
10/23/2000;62.13
10/24/2000;61.5
10/25/2000;61.25
10/26/2000;64.44
10/27/2000;67.69
10/30/2000;69.06
10/31/2000;68.88
11/1/2000;69.63
11/2/2000;70.31
11/3/2000;68.25
11/6/2000;69.5
11/7/2000;70.5
11/8/2000;69.44
11/9/2000;70.88
11/10/2000;67.38
11/13/2000;66.44
11/14/2000;68.81
11/15/2000;70.06
11/16/2000;68.94
11/17/2000;69.06
11/20/2000;67.19
11/21/2000;67.75
11/22/2000;68.25
11/23/2000;68.25
11/24/2000;69.94
11/27/2000;70.69
11/28/2000;67
11/29/2000;65.06
11/30/2000;57.38
12/1/2000;56.63
12/4/2000;56.44
12/5/2000;59.88
12/6/2000;56.69
12/7/2000;53.13
12/8/2000;54.44
12/11/2000;58.06
12/12/2000;58.38
12/13/2000;57.25
12/14/2000;55.5
12/15/2000;49.19
12/18/2000;47.81
12/19/2000;44.81
12/20/2000;41.5
12/21/2000;43.44
12/22/2000;46.44
12/25/2000;46.44
12/26/2000;46.88
12/27/2000;46.44
12/28/2000;44.56
12/29/2000;43.38
1/1/2001;43.38
1/2/2001;43.38
1/3/2001;47.94
1/4/2001;48.44
1/5/2001;49.13
1/8/2001;48.94
1/9/2001;51.81
1/10/2001;52.88
1/11/2001;55
1/12/2001;53.5
1/15/2001;53.5
1/16/2001;52.56
1/17/2001;52.94
1/18/2001;55.5
1/19/2001;61
1/22/2001;60.13
1/23/2001;60.56
1/24/2001;62.94
1/25/2001;61.81
1/26/2001;64
1/29/2001;64.5
1/30/2001;63.38
1/31/2001;61.06
2/1/2001;62.38
2/2/2001;60.81
2/5/2001;61.94
2/6/2001;62.56
2/7/2001;64.69
2/8/2001;62.25
2/9/2001;59.13
2/12/2001;58.75
2/13/2001;58.19
2/14/2001;58.38
2/15/2001;58.81
2/16/2001;57.31
2/19/2001;57.31
2/20/2001;55.88
2/21/2001;56.25
2/22/2001;55.19
2/23/2001;56.75
2/26/2001;59.56
2/27/2001;59.38
2/28/2001;59
3/1/2001;59.36
3/2/2001;56.69
3/5/2001;57.44
3/6/2001;59.44
3/7/2001;60.69
3/8/2001;59.25
3/9/2001;56.69
3/12/2001;51.94
3/13/2001;54.19
3/14/2001;54
3/15/2001;53.69
3/16/2001;54.56
3/19/2001;54.31
3/20/2001;52.69
3/21/2001;50.06
3/22/2001;54
3/23/2001;56.56
3/26/2001;56.06
3/27/2001;58.25
3/28/2001;55.56
3/29/2001;55.38
3/30/2001;54.69
4/2/2001;55.81
4/3/2001;53.38
4/4/2001;51.94
4/5/2001;56.75
4/6/2001;56.19
4/9/2001;57.15
4/10/2001;59.68
4/11/2001;60.04
4/12/2001;62.18
4/13/2001;62.18
4/16/2001;60.79
4/17/2001;61.48
4/18/2001;65.43
4/19/2001;68.04
4/20/2001;69
4/23/2001;68.25
4/24/2001;67.55
4/25/2001;69.69
4/26/2001;69.13
4/27/2001;67.12
4/30/2001;67.75
5/1/2001;70.17
5/2/2001;69.76
5/3/2001;68.53
5/4/2001;70.75
5/7/2001;71.38
5/8/2001;72.06
5/9/2001;70.4
5/10/2001;70
5/11/2001;69.4
5/14/2001;68.72
5/15/2001;68.27
5/16/2001;69.16
5/17/2001;68.17
5/18/2001;68.09
5/21/2001;68.79
5/22/2001;70.31
5/23/2001;69.7
5/24/2001;71.72
5/25/2001;70.91
5/28/2001;70.91
5/29/2001;70.34
5/30/2001;69.19
5/31/2001;69.18
6/1/2001;70.34
6/4/2001;70.78
6/5/2001;72.6
6/6/2001;72.36
6/7/2001;73.68
6/8/2001;73.19
6/11/2001;72.12
6/12/2001;72.08
6/13/2001;70.69
6/14/2001;68.9
6/15/2001;68.02
6/18/2001;66.88
6/19/2001;67.32
6/20/2001;69.41
6/21/2001;69.84
6/22/2001;68.83
6/25/2001;68.85
6/26/2001;70.14
6/27/2001;71.14
6/28/2001;72.74
6/29/2001;73
7/2/2001;70.6
7/3/2001;70.47
7/4/2001;70.47
7/5/2001;68.51
7/6/2001;66.06
7/9/2001;65.69
7/10/2001;64.48
7/11/2001;66.5
7/12/2001;71.6
7/13/2001;71.34
7/16/2001;71.18
7/17/2001;71.82
7/18/2001;70.57
7/19/2001;72.57
7/20/2001;69.18
7/23/2001;67.09
7/24/2001;66.32
7/25/2001;67.48
7/26/2001;66.59
7/27/2001;65.47
7/30/2001;65.8
7/31/2001;66.19
8/1/2001;66.47
8/2/2001;67.45
8/3/2001;66.89
8/6/2001;66.13
8/7/2001;66.35
8/8/2001;64.86
8/9/2001;65.01
8/10/2001;65.52
8/13/2001;65.83
8/14/2001;64.69
8/15/2001;63.2
8/16/2001;64.62
8/17/2001;61.88
8/20/2001;62.7
8/21/2001;60.78
8/22/2001;60.66
8/23/2001;59.12
8/24/2001;62.05
8/27/2001;62.31
8/28/2001;60.74
8/29/2001;60.25
8/30/2001;56.94
8/31/2001;57.05
9/3/2001;57.05
9/4/2001;56.1
9/5/2001;57.74
9/6/2001;56.02
9/7/2001;55.4
9/10/2001;57.58
9/11/2001;57.58
9/12/2001;57.58
9/13/2001;57.58
9/14/2001;57.58
9/17/2001;52.91
9/18/2001;54.32
9/19/2001;53.87
9/20/2001;50.76
9/21/2001;49.71
9/24/2001;52.01
9/25/2001;51.3
9/26/2001;50.27
9/27/2001;49.96
9/28/2001;51.17
10/1/2001;51.79
10/2/2001;53.05
10/3/2001;56.23
10/4/2001;56.44
10/5/2001;57.72
10/8/2001;58.04
10/9/2001;54.56
10/10/2001;55.51
10/11/2001;56.32
10/12/2001;56.38
10/15/2001;58.06
10/16/2001;58.45
10/17/2001;56.03
10/18/2001;56.75
10/19/2001;57.9
10/22/2001;60.16
10/23/2001;60.43
10/24/2001;61.32
10/25/2001;62.56
10/26/2001;62.2
10/29/2001;59.64
10/30/2001;58.88
10/31/2001;58.15
11/1/2001;61.84
11/2/2001;61.4
11/5/2001;63.27
11/6/2001;64.78
11/7/2001;64.25
11/8/2001;64.42
11/9/2001;65.21
11/12/2001;65.79
11/13/2001;67.9
11/14/2001;65.95
11/15/2001;66.12
11/16/2001;65.75
11/19/2001;66.54
11/20/2001;65.4
11/21/2001;64.05
11/22/2001;64.05
11/23/2001;64.72
11/26/2001;65.14
11/27/2001;63.74
11/28/2001;62.8
11/29/2001;64.84
11/30/2001;64.21
12/3/2001;64.77
12/4/2001;66
12/5/2001;68.1
12/6/2001;68.65
12/7/2001;67.83
12/10/2001;67.06
12/11/2001;67.32
12/12/2001;67.95
12/13/2001;66.27
12/14/2001;67.44
12/17/2001;68.98
12/18/2001;69.27
12/19/2001;69.49
12/20/2001;66.76
12/21/2001;67.54
12/24/2001;67.27
12/25/2001;67.27
12/26/2001;67.68
12/27/2001;67.85
12/28/2001;67.87
12/31/2001;66.25
1/1/2002;66.25
1/2/2002;67.04
1/3/2002;69.23
1/4/2002;68.9
1/7/2002;68.56
1/8/2002;69.38
1/9/2002;68.71
1/10/2002;69.28
1/11/2002;68.61
1/14/2002;68.47
1/15/2002;69.55
1/16/2002;67.87
1/17/2002;69.86
1/18/2002;66.1
1/21/2002;66.1
1/22/2002;64.46
1/23/2002;63.74
1/24/2002;64.6
1/25/2002;63.8
1/28/2002;63.82
1/29/2002;62.32
1/30/2002;62.85
1/31/2002;63.71
2/1/2002;62.66
2/4/2002;61.12
2/5/2002;61.15
2/6/2002;60.4
2/7/2002;59.8
2/8/2002;60.65
2/11/2002;61.13
2/12/2002;60.14
2/13/2002;61.82
2/14/2002;61.68
2/15/2002;60.23
2/18/2002;60.23
2/19/2002;58.93
2/20/2002;59.9
2/21/2002;58.05
2/22/2002;57.99
2/25/2002;59.08
2/26/2002;58.55
2/27/2002;58.39
2/28/2002;58.34
3/1/2002;61.37
3/4/2002;63.3
3/5/2002;63.08
3/6/2002;63.63
3/7/2002;62.72
3/8/2002;63.95
3/11/2002;64.34
3/12/2002;62.54
3/13/2002;62.1
3/14/2002;61.22
3/15/2002;62.49
3/18/2002;62.14
3/19/2002;62.23
3/20/2002;60.1
3/21/2002;61.36
3/22/2002;60.45
3/25/2002;59.23
3/26/2002;59.08
3/27/2002;59.44
3/28/2002;60.31
3/29/2002;60.31
4/1/2002;60.38
4/2/2002;57.3
4/3/2002;56.33
4/4/2002;56.45
4/5/2002;55.87
4/8/2002;57.22
4/9/2002;54.87
4/10/2002;56.3
4/11/2002;54.79
4/12/2002;55.93
4/15/2002;55.69
4/16/2002;57.81
4/17/2002;56.63
4/18/2002;56.37
4/19/2002;57.2
4/22/2002;55.59
4/23/2002;53.99
4/24/2002;53.02
4/25/2002;53.73
4/26/2002;51.5
4/29/2002;52.24
4/30/2002;52.26
5/1/2002;52.75
5/2/2002;51.21
5/3/2002;49.56
5/6/2002;48.62
5/7/2002;49.47
5/8/2002;54.97
5/9/2002;52.12
5/10/2002;50.05
5/13/2002;52.69
5/14/2002;54.88
5/15/2002;54.75
5/16/2002;55.74
5/17/2002;56.03
5/20/2002;54.01
5/21/2002;52.19
5/22/2002;53.69
5/23/2002;54.82
5/24/2002;53.26
5/27/2002;53.26
5/28/2002;52.32
5/29/2002;52.05
5/30/2002;52.64
5/31/2002;50.91
6/3/2002;49.42
6/4/2002;49.98
6/5/2002;51.66
6/6/2002;51.9
6/7/2002;51.98
6/10/2002;52.82
6/11/2002;52.57
6/12/2002;55.54
6/13/2002;54.22
6/14/2002;55.25
6/17/2002;55.68
6/18/2002;55.99
6/19/2002;54.36
6/20/2002;54.1
6/21/2002;52.28
6/24/2002;54.16
6/25/2002;52.95
6/26/2002;54.13
6/27/2002;54.92
6/28/2002;54.7
7/1/2002;52.66
7/2/2002;51.44
7/3/2002;52.47
7/4/2002;52.47
7/5/2002;54.85
7/8/2002;52.92
7/9/2002;53.21
7/10/2002;52.24
7/11/2002;52.91
7/12/2002;51.86
7/15/2002;51.8
7/16/2002;51.25
7/17/2002;52
7/18/2002;51.11
7/19/2002;49.56
7/22/2002;46.31
7/23/2002;43.01
7/24/2002;46.23
7/25/2002;42.83
7/26/2002;45.35
7/29/2002;48.25
7/30/2002;48.1
7/31/2002;47.98
8/1/2002;45.75
8/2/2002;44.41
8/5/2002;43.99
8/6/2002;45.67
8/7/2002;47.09
8/8/2002;48.91
8/9/2002;48.12
8/12/2002;48.47
8/13/2002;47.05
8/14/2002;49.71
8/15/2002;49.77
8/16/2002;50
8/19/2002;52
8/20/2002;51.04
8/21/2002;52.28
8/22/2002;53.23
8/23/2002;52.22
8/26/2002;52.1
8/27/2002;50.84
8/28/2002;49.38
8/29/2002;50.58
8/30/2002;49.08
9/2/2002;49.08
9/3/2002;47.02
9/4/2002;48.21
9/5/2002;45.91
9/6/2002;47.82
9/9/2002;48.7
9/10/2002;49.79
9/11/2002;48.58
9/12/2002;47.15
9/13/2002;47.91
9/16/2002;47.78
9/17/2002;47.29
9/18/2002;47.75
9/19/2002;47.2
9/20/2002;47.46
9/23/2002;45.23
9/24/2002;45.64
9/25/2002;46.51
9/26/2002;46.2
9/27/2002;45.25
9/30/2002;43.74
10/1/2002;46.23
10/2/2002;45.61
10/3/2002;44.71
10/4/2002;43.77
10/7/2002;44.05
10/8/2002;44.99
10/9/2002;43.99
10/10/2002;46.38
10/11/2002;48.87
10/14/2002;49.29
10/15/2002;52.29
10/16/2002;50.41
10/17/2002;50.77
10/18/2002;53.15
10/21/2002;52.51
10/22/2002;51.67
10/23/2002;53.2
